{"running mean (last 100)": 0.49, "highest score": 6, "epoch": 341271, "epsilon": -33.12709999997608, "_timestamp": 1721352751.6336696, "_runtime": 54466.93619155884, "_step": 341270}