{"running mean score (last 100)": 0.25, "running mean rewards (last 100)": -10.0, "highest score": 2, "epoch": 166, "epsilon": 0.9834000000000018, "_timestamp": 1721359112.8924644, "_runtime": 46.36233735084534, "_step": 165, "_wandb": {"runtime": 45}}