{"running mean (last 100)": 0.06, "highest score": 1, "epoch": 42, "epsilon": 0.9958000000000005, "_timestamp": 1721298272.198755, "_runtime": 9.756771087646484, "_step": 41, "_wandb": {"runtime": 8}}