{"running mean (last 100)": 0.41, "highest score": 3, "epoch": 2577, "epsilon": 0.7423000000000284, "_timestamp": 1721358849.4891083, "_runtime": 652.7219433784485, "_step": 2576}