{"running mean score (last 100)": 0.3, "running mean rewards (last 100)": -10.0, "highest score": 4, "epoch": 10562, "epsilon": -0.05619999999990676, "_timestamp": 1721361292.0411332, "_runtime": 2339.7209572792053, "_step": 10561}