{"running mean (last 100)": 0.39, "highest score": 5, "epoch": 337049, "epsilon": -32.704899999962066, "_timestamp": 1721352751.6605978, "_runtime": 53941.93280291557, "_step": 337048}