{"running mean (last 100)": 0.25, "highest score": 3, "epoch": 378, "epsilon": 0.9622000000000042, "_timestamp": 1721297763.8870726, "_runtime": 63.45955848693848, "_step": 377}