{"running mean (last 100)": 0.2, "highest score": 2, "epoch": 1168, "epsilon": 0.8832000000000129, "_timestamp": 1721357334.5252948, "_runtime": 217.09728288650513, "_step": 1167}