{"running mean (last 100)": 0.21, "highest score": 2, "epoch": 910, "epsilon": 0.90900000000001, "_timestamp": 1721357286.258046, "_runtime": 168.83003401756287, "_step": 909}