{"running mean (last 100)": 0.64, "highest score": 4, "epoch": 17040, "epsilon": -0.703999999999845, "_timestamp": 1721361291.7648542, "_runtime": 4174.336842298508, "_step": 17039}