{"running mean (last 100)": 0.66, "highest score": 4, "epoch": 9229, "epsilon": 0.077100000000095, "_timestamp": 1721359304.4408443, "_runtime": 2187.012832403183, "_step": 9228}