{"running mean (last 100)": 0.03, "highest score": 3, "epoch": 51473, "epsilon": -4.147300000003579, "_timestamp": 1721352751.6546135, "_runtime": 54875.87820649147, "_step": 51472}