{"running mean (last5)": 0.2, "highest score": 2, "epoch": 175, "epsilon": 0.9825000000000019, "_timestamp": 1721297439.4928317, "_runtime": 29.830254793167114, "_step": 174, "_wandb": {"runtime": 29}}