{"running mean (last 100)": 0.2, "highest score": 3, "epoch": 470, "epsilon": 0.9530000000000052, "_timestamp": 1721357334.5871298, "_runtime": 91.05407977104187, "_step": 469