{"running mean (last 100)": 0.28, "highest score": 2, "epoch": 207, "epsilon": 0.9793000000000023, "_timestamp": 1721357286.4335775, "_runtime": 42.900527477264404, "_step": 206