{"running mean (last 100)": 1.64, "highest score": 6, "epoch": 9498, "epsilon": 0.050200000000094225, "_timestamp": 1721359304.50966, "_runtime": 2060.9766099452972, "_step": 9497}