{"running mean (last 100)": 1.53, "highest score": 6, "epoch": 18631, "epsilon": -0.8630999999998274, "_timestamp": 1721361292.1061263, "_runtime": 4048.573076248169, "_step": 18630}