{"running mean (last 100)": 0.05, "highest score": 3, "epoch": 55270, "epsilon": -4.527000000002694, "_timestamp": 1721352750.8748457, "_runtime": 54962.27669072151, "_step": 55269}