{"running mean (last 100)": 0.0, "highest score": 0, "epoch": 1, "epsilon": 0.9999, "_timestamp": 1721356874.8507564, "_runtime": 10.476893424987793, "_step": 0, "_wandb": {"runtime": 10}}