{"running mean (last5)": 0.0, "highest score": 3, "epoch": 484, "epsilon": 0.9516000000000053, "_timestamp": 1721297122.0372896, "_runtime": 114.22740650177002, "_step": 483, "_wandb": {"runtime": 113}}